[{"model": "app.product", "pk": "1", "fields": {"name": "test", "name_kh": "តេសត", "description": "សស", "description_kh": "សស", "price": "0.10", "old_price": "0.10", "image": "", "badge": "korea", "badge_kh": "កូរ៉េ", "stock": 0, "is_active": true, "created_at": "2025-12-09T16:53:34.115Z", "updated_at": "2025-12-09T16:53:34.115Z"}}, {"model": "app.product", "pk": "2", "fields": {"name": "DA COLLA C Vitamin White ????????? (?????????????)", "name_kh": "", "description": "", "description_kh": "", "price": "0.10", "old_price": "0.10", "image": "", "badge": "korea", "badge_kh": "", "stock": 0, "is_active": true, "created_at": "2025-12-09T16:53:34.120Z", "updated_at": "2025-12-09T16:53:34.120Z"}}, {"model": "app.product", "pk": "3", "fields": {"name": "DA COLLA Smile Toothpast ", "name_kh": "", "description": "", "description_kh": "", "price": "0.10", "old_price": "0.10", "image": "", "badge": "korea", "badge_kh": "", "stock": 0, "is_active": true, "created_at": "2025-12-09T16:53:34.123Z", "updated_at": "2025-12-09T16:53:34.123Z"}}, {"model": "app.product", "pk": "4", "fields": {"name": "Madam Da Whitening Effect Plus  ?????????  Korea", "name_kh": "", "description": "", "description_kh": "", "price": "0.10", "old_price": "0.10", "image": "", "badge": "korea", "badge_kh": "", "stock": 0, "is_active": true, "created_at": "2025-12-09T16:53:34.126Z", "updated_at": "2025-12-09T16:53:34.126Z"}}, {"model": "app.product", "pk": "5", "fields": {"name": "Revitalizing ??????????? 10g", "name_kh": "", "description": "", "description_kh": "", "price": "0.10", "old_price": "0.10", "image": "", "badge": "korea", "badge_kh": "", "stock": 0, "is_active": true, "created_at": "2025-12-09T16:53:34.130Z", "updated_at": "2025-12-09T16:53:34.130Z"}}, {"model": "app.product", "pk": "6", "fields": {"name": "White Treatment Pink Night Cream 10g ??????????? ", "name_kh": "", "description": "", "description_kh": "", "price": "0.10", "old_price": "0.10", "image": "", "badge": "korea", "badge_kh": "", "stock": 0, "is_active": true, "created_at": "2025-12-09T16:53:34.133Z", "updated_at": "2025-12-09T16:53:34.133Z"}}, {"model": "app.product", "pk": "7", "fields": {"name": "MadamDa White Treatment Serum", "name_kh": "", "description": "", "description_kh": "", "price": "0.10", "old_price": "0.10", "image": "", "badge": "korea", "badge_kh": "", "stock": 0, "is_active": true, "created_at": "2025-12-09T16:53:34.136Z", "updated_at": "2025-12-09T16:53:34.136Z"}}, {"model": "app.product", "pk": "8", "fields": {"name": "MadamDa Revitalizing Serum", "name_kh": "", "description": "", "description_kh": "", "price": "0.10", "old_price": "0.10", "image": "", "badge": "korea", "badge_kh": "", "stock": 0, "is_active": true, "created_at": "2025-12-09T16:53:34.139Z", "updated_at": "2025-12-09T16:53:34.139Z"}}, {"model": "app.product", "pk": "9", "fields": {"name": "MadamDa Laundry Pods Cleaning Power8X 8in1 (????????????????????)", "name_kh": "", "description": "", "description_kh": "", "price": "0.10", "old_price": "0.10", "image": "", "badge": "korea", "badge_kh": "", "stock": 0, "is_active": true, "created_at": "2025-12-09T16:53:34.142Z", "updated_at": "2025-12-09T16:53:34.142Z"}}, {"model": "app.product", "pk": "test", "fields": {"name": "test", "name_kh": "តេសត", "description": "សស", "description_kh": "សស", "price": "0.10", "old_price": "0.10", "image": "products/220938c609a7a3995729b8bf118a8c43.jpg", "badge": "korea", "badge_kh": "កូរ៉េ", "stock": 0, "is_active": true, "created_at": "2025-12-09T16:51:35.786Z", "updated_at": "2025-12-09T16:51:35.786Z"}}, {"model": "app.customer", "pk": "174d67d1-c222-4097-8c9d-84726e7762a3", "fields": {"name": "YEUN VICHEKA 33", "phone": "33513", "email": null, "address": "# AP-1471, Aphivath Blvd, Doeum Kor Village, Sangkat Chroy  Changva,  Khan Chroy Changva, Phnom Penh, Cambodia.", "province": "Siem Reap", "loyalty_points": 0, "referral_code": "MD33513", "referred_by": null, "created_at": "2025-12-07T07:18:11.430Z", "updated_at": "2025-12-07T07:18:11.430Z"}}, {"model": "app.customer", "pk": "1c69e707-d280-468c-8815-98ba78eca144", "fields": {"name": "ិក", "phone": "666", "email": null, "address": "ឦលល", "province": "Phnom Penh", "loyalty_points": 0, "referral_code": "MD666", "referred_by": null, "created_at": "2025-12-05T01:31:56.742Z", "updated_at": "2025-12-05T01:31:56.742Z"}}, {"model": "app.customer", "pk": "1cc3ea01-8f71-4189-b14b-2f98a90bd5ef", "fields": {"name": "YEUN VICHEKA", "phone": "56", "email": null, "address": "# AP-1471, Aphivath Blvd, Doeum Kor Village, Sangkat Chroy  Changva,  Khan Chroy Changva, Phnom Penh, Cambodia.", "province": "Phnom Penh", "loyalty_points": 0, "referral_code": "MD56", "referred_by": null, "created_at": "2025-12-05T14:29:33.205Z", "updated_at": "2025-12-05T14:29:33.205Z"}}, {"model": "app.customer", "pk": "1ec56247-ac19-4f8f-8d1f-b41c1ae0b95e", "fields": {"name": "YEUN VICHEKA 22", "phone": "5115145", "email": null, "address": "# AP-1471, Aphivath Blvd, Doeum Kor Village, Sangkat Chroy  Changva,  Khan Chroy Changva, Phnom Penh, Cambodia.", "province": "Prey Veng", "loyalty_points": 0, "referral_code": "MD115145", "referred_by": null, "created_at": "2025-12-06T18:22:15.925Z", "updated_at": "2025-12-06T18:22:15.925Z"}}, {"model": "app.customer", "pk": "217ef67b-11c7-42a0-86af-3f0af830f6d5", "fields": {"name": "YEUN VICHEKA 33", "phone": "65515", "email": null, "address": "# AP-1471, Aphivath Blvd, Doeum Kor Village, Sangkat Chroy  Changva,  Khan Chroy Changva, Phnom Penh, Cambodia.", "province": "Siem Reap", "loyalty_points": 0, "referral_code": "MD65515", "referred_by": null, "created_at": "2025-12-07T16:29:29.400Z", "updated_at": "2025-12-07T16:29:29.401Z"}}, {"model": "app.customer", "pk": "51aa32ba-251e-4e4f-82bf-1f0830916a3b", "fields": {"name": "mn", "phone": "99", "email": null, "address": "mk", "province": "Takeo", "loyalty_points": 0, "referral_code": "MD99", "referred_by": null, "created_at": "2025-12-05T13:38:21.163Z", "updated_at": "2025-12-05T13:38:21.163Z"}}, {"model": "app.customer", "pk": "5b9aea90-6145-473b-9b3c-cd061c761e35", "fields": {"name": "hhh", "phone": "00000000", "email": null, "address": "ffffff", "province": "Phnom Penh", "loyalty_points": 0, "referral_code": "MD000000", "referred_by": null, "created_at": "2025-12-05T13:32:25.352Z", "updated_at": "2025-12-05T13:32:25.352Z"}}, {"model": "app.customer", "pk": "5f49b407-82be-4207-b24d-38693d595ad3", "fields": {"name": "vicheka yeun", "phone": "061256510", "email": null, "address": "# AP-1471, Aphivath Blvd, Doeum Kor Village, Sangkat Chroy  Changva,  Khan Chroy Changva, Phnom Penh, Cambodia.", "province": "Kandal", "loyalty_points": 0, "referral_code": "MD256510", "referred_by": null, "created_at": "2025-12-03T16:44:52.940Z", "updated_at": "2025-12-08T10:11:58.514Z"}}, {"model": "app.customer", "pk": "73d0037d-7e00-4536-b5e5-651fe7f9417e", "fields": {"name": "YEUN VICHEKA", "phone": "564454", "email": null, "address": "# AP-1471, Aphivath Blvd, Doeum Kor Village, Sangkat Chroy  Changva,  Khan Chroy Changva, Phnom Penh, Cambodia.", "province": "Preah Sihanouk", "loyalty_points": 0, "referral_code": "MD564454", "referred_by": null, "created_at": "2025-12-06T17:38:25.752Z", "updated_at": "2025-12-06T17:38:25.752Z"}}, {"model": "app.customer", "pk": "823d84d9-b356-447f-92bb-2548a2947674", "fields": {"name": "YEUN VICHEKA", "phone": "2222222", "email": null, "address": "# AP-1471, Aphivath Blvd, Doeum Kor Village, Sangkat Chroy  Changva,  Khan Chroy Changva, Phnom Penh, Cambodia.", "province": "Phnom Penh", "loyalty_points": 0, "referral_code": "MD222222", "referred_by": null, "created_at": "2025-12-03T16:16:46.423Z", "updated_at": "2025-12-03T16:16:46.423Z"}}, {"model": "app.customer", "pk": "972b5f1c-11ca-42f5-81cb-c8d322bae695", "fields": {"name": "Yeun Vicheka", "phone": "016793418", "email": null, "address": "# AP-1471, Aphivath Blvd, Doeum Kor Village, Sangkat Chroy  Changva,  Khan Chroy Changva, Phnom Penh, Cambodia.", "province": "Phnom Penh", "loyalty_points": 0, "referral_code": "MD793418", "referred_by": null, "created_at": "2025-12-04T06:56:41.441Z", "updated_at": "2025-12-04T06:56:41.441Z"}}, {"model": "app.customer", "pk": "cdd86e4a-1931-4c9c-987f-ec71d9dc6f82", "fields": {"name": "Yeun Vicheka", "phone": "014648948", "email": null, "address": "kfhuiehikgiSLFP9EP", "province": "Kandal", "loyalty_points": 0, "referral_code": "MD648948", "referred_by": null, "created_at": "2025-12-09T16:28:50.460Z", "updated_at": "2025-12-09T16:28:50.460Z"}}, {"model": "app.customer", "pk": "d8274514-0ac7-4e0a-880d-c4ced02e0c9c", "fields": {"name": "YEUN VICHEKA 22", "phone": "5644", "email": null, "address": "# AP-1471, Aphivath Blvd, Doeum Kor Village, Sangkat Chroy  Changva,  Khan Chroy Changva, Phnom Penh, Cambodia.", "province": "Preah Sihanouk", "loyalty_points": 0, "referral_code": "MD5644", "referred_by": null, "created_at": "2025-12-06T17:40:22.095Z", "updated_at": "2025-12-06T17:40:22.095Z"}}, {"model": "app.customer", "pk": "d958594b-16fb-4b48-9e18-65f0c6454925", "fields": {"name": "jj", "phone": "66", "email": null, "address": "kj", "province": "Battambang", "loyalty_points": 0, "referral_code": "MD66", "referred_by": null, "created_at": "2025-12-05T14:30:52.249Z", "updated_at": "2025-12-05T14:30:52.249Z"}}, {"model": "app.customer", "pk": "f8bd6405-fde6-4d52-9c02-7b0b6286d4f7", "fields": {"name": "YEUN VICHEKA 223645645645456415645656", "phone": "555555555555", "email": null, "address": "# AP-1471, Aphivath Blvd, Doeum Kor Village, Sangkat Chroy  Changva,  Khan Chroy Changva, Phnom Penh, Cambodia.", "province": "Kandal", "loyalty_points": 0, "referral_code": "MD555555", "referred_by": null, "created_at": "2025-12-07T16:45:41.433Z", "updated_at": "2025-12-07T16:45:41.433Z"}}, {"model": "app.order", "pk": 32, "fields": {"order_number": "MD00NEW", "customer": "1cc3ea01-8f71-4189-b14b-2f98a90bd5ef", "customer_name": "YEUN VICHEKA", "customer_phone": "56", "customer_email": null, "customer_address": "# AP-1471, Aphivath Blvd, Doeum Kor Village, Sangkat Chroy  Changva,  Khan Chroy Changva, Phnom Penh, Cambodia.", "customer_province": "Preah Sihanouk", "subtotal": "0.10", "shipping_fee": "0.00", "discount_amount": "0.00", "total": "0.10", "payment_method": "Cash on Delivery", "status": "delivered", "promo_code": null, "loyalty_points_used": 0, "loyalty_points_earned": 0, "referral_code_used": null, "notes": null, "payment_received": false, "payment_received_at": null, "payment_received_by": null, "cod_delivery_notes": null, "is_verified": false, "verification_status": "pending", "verification_notes": null, "verified_by": null, "verified_at": null, "is_suspicious": false, "suspicious_reason": null, "customer_received": false, "customer_received_at": null, "customer_received_by": null, "customer_received_notes": null, "created_at": "2025-12-06T17:24:21.920Z", "updated_at": "2025-12-06T18:02:06.755Z"}}, {"model": "app.order", "pk": 33, "fields": {"order_number": "MD00001", "customer": "5f49b407-82be-4207-b24d-38693d595ad3", "customer_name": "test employee", "customer_phone": "061256510", "customer_email": null, "customer_address": "CCV", "customer_province": "Phnom Penh", "subtotal": "0.10", "shipping_fee": "0.00", "discount_amount": "0.00", "total": "0.10", "payment_method": "KHQR", "status": "delivered", "promo_code": null, "loyalty_points_used": 0, "loyalty_points_earned": 0, "referral_code_used": null, "notes": null, "payment_received": false, "payment_received_at": null, "payment_received_by": null, "cod_delivery_notes": null, "is_verified": false, "verification_status": "pending", "verification_notes": null, "verified_by": null, "verified_at": null, "is_suspicious": false, "suspicious_reason": null, "customer_received": false, "customer_received_at": null, "customer_received_by": null, "customer_received_notes": null, "created_at": "2025-12-06T17:32:19.997Z", "updated_at": "2025-12-06T18:28:55.342Z"}}, {"model": "app.order", "pk": 34, "fields": {"order_number": "MD00002", "customer": "5f49b407-82be-4207-b24d-38693d595ad3", "customer_name": "Test 2", "customer_phone": "061256510", "customer_email": null, "customer_address": "CCV", "customer_province": "Kandal", "subtotal": "0.20", "shipping_fee": "0.00", "discount_amount": "0.00", "total": "0.20", "payment_method": "Cash on Delivery", "status": "delivered", "promo_code": null, "loyalty_points_used": 0, "loyalty_points_earned": 0, "referral_code_used": null, "notes": null, "payment_received": true, "payment_received_at": "2025-12-06T18:43:30.260Z", "payment_received_by": "Employee", "cod_delivery_notes": null, "is_verified": false, "verification_status": "pending", "verification_notes": null, "verified_by": null, "verified_at": null, "is_suspicious": false, "suspicious_reason": null, "customer_received": false, "customer_received_at": null, "customer_received_by": null, "customer_received_notes": null, "created_at": "2025-12-06T17:32:52.642Z", "updated_at": "2025-12-06T18:43:30.260Z"}}, {"model": "app.order", "pk": 35, "fields": {"order_number": "MD00003", "customer": "1cc3ea01-8f71-4189-b14b-2f98a90bd5ef", "customer_name": "YEUN VICHEKA", "customer_phone": "56", "customer_email": null, "customer_address": "# AP-1471, Aphivath Blvd, Doeum Kor Village, Sangkat Chroy  Changva,  Khan Chroy Changva, Phnom Penh, Cambodia.", "customer_province": "Preah Sihanouk", "subtotal": "0.10", "shipping_fee": "0.00", "discount_amount": "0.00", "total": "0.10", "payment_method": "Cash on Delivery", "status": "delivered", "promo_code": null, "loyalty_points_used": 0, "loyalty_points_earned": 0, "referral_code_used": null, "notes": null, "payment_received": false, "payment_received_at": null, "payment_received_by": null, "cod_delivery_notes": null, "is_verified": false, "verification_status": "pending", "verification_notes": null, "verified_by": null, "verified_at": null, "is_suspicious": false, "suspicious_reason": null, "customer_received": false, "customer_received_at": null, "customer_received_by": null, "customer_received_notes": null, "created_at": "2025-12-06T17:37:44.856Z", "updated_at": "2025-12-06T18:02:01.881Z"}}, {"model": "app.order", "pk": 36, "fields": {"order_number": "MD00004", "customer": "73d0037d-7e00-4536-b5e5-651fe7f9417e", "customer_name": "YEUN VICHEKA", "customer_phone": "564454", "customer_email": null, "customer_address": "# AP-1471, Aphivath Blvd, Doeum Kor Village, Sangkat Chroy  Changva,  Khan Chroy Changva, Phnom Penh, Cambodia.", "customer_province": "Preah Sihanouk", "subtotal": "0.10", "shipping_fee": "0.00", "discount_amount": "0.00", "total": "0.10", "payment_method": "Cash on Delivery", "status": "delivered", "promo_code": null, "loyalty_points_used": 0, "loyalty_points_earned": 0, "referral_code_used": null, "notes": null, "payment_received": false, "payment_received_at": null, "payment_received_by": null, "cod_delivery_notes": null, "is_verified": false, "verification_status": "pending", "verification_notes": null, "verified_by": null, "verified_at": null, "is_suspicious": false, "suspicious_reason": null, "customer_received": false, "customer_received_at": null, "customer_received_by": null, "customer_received_notes": null, "created_at": "2025-12-06T17:38:25.769Z", "updated_at": "2025-12-06T18:28:12.169Z"}}, {"model": "app.order", "pk": 37, "fields": {"order_number": "MD00005", "customer": "d8274514-0ac7-4e0a-880d-c4ced02e0c9c", "customer_name": "YEUN VICHEKA 22", "customer_phone": "5644", "customer_email": null, "customer_address": "# AP-1471, Aphivath Blvd, Doeum Kor Village, Sangkat Chroy  Changva,  Khan Chroy Changva, Phnom Penh, Cambodia.", "customer_province": "Preah Sihanouk", "subtotal": "0.10", "shipping_fee": "0.00", "discount_amount": "0.00", "total": "0.10", "payment_method": "Cash on Delivery", "status": "delivered", "promo_code": null, "loyalty_points_used": 0, "loyalty_points_earned": 0, "referral_code_used": null, "notes": null, "payment_received": false, "payment_received_at": null, "payment_received_by": null, "cod_delivery_notes": null, "is_verified": false, "verification_status": "pending", "verification_notes": null, "verified_by": null, "verified_at": null, "is_suspicious": false, "suspicious_reason": null, "customer_received": false, "customer_received_at": null, "customer_received_by": null, "customer_received_notes": null, "created_at": "2025-12-06T17:40:22.107Z", "updated_at": "2025-12-06T18:24:25.709Z"}}, {"model": "app.order", "pk": 38, "fields": {"order_number": "MD00006", "customer": "d8274514-0ac7-4e0a-880d-c4ced02e0c9c", "customer_name": "YEUN VICHEKA 33", "customer_phone": "5644", "customer_email": null, "customer_address": "# AP-1471, Aphivath Blvd, Doeum Kor Village, Sangkat Chroy  Changva,  Khan Chroy Changva, Phnom Penh, Cambodia.", "customer_province": "Preah Sihanouk", "subtotal": "0.10", "shipping_fee": "0.00", "discount_amount": "0.00", "total": "0.10", "payment_method": "Cash on Delivery", "status": "delivered", "promo_code": null, "loyalty_points_used": 0, "loyalty_points_earned": 0, "referral_code_used": null, "notes": null, "payment_received": false, "payment_received_at": null, "payment_received_by": null, "cod_delivery_notes": null, "is_verified": false, "verification_status": "pending", "verification_notes": null, "verified_by": null, "verified_at": null, "is_suspicious": false, "suspicious_reason": null, "customer_received": false, "customer_received_at": null, "customer_received_by": null, "customer_received_notes": null, "created_at": "2025-12-06T17:41:22.236Z", "updated_at": "2025-12-06T18:28:38.043Z"}}, {"model": "app.order", "pk": 39, "fields": {"order_number": "MD00007", "customer": "1cc3ea01-8f71-4189-b14b-2f98a90bd5ef", "customer_name": "YEUN VICHEKA 55", "customer_phone": "56", "customer_email": null, "customer_address": "# AP-1471, Aphivath Blvd, Doeum Kor Village, Sangkat Chroy  Changva,  Khan Chroy Changva, Phnom Penh, Cambodia.", "customer_province": "Preah Sihanouk", "subtotal": "0.10", "shipping_fee": "0.00", "discount_amount": "0.00", "total": "0.10", "payment_method": "Cash on Delivery", "status": "delivered", "promo_code": null, "loyalty_points_used": 0, "loyalty_points_earned": 0, "referral_code_used": null, "notes": null, "payment_received": true, "payment_received_at": "2025-12-06T18:16:02.308Z", "payment_received_by": "Employee", "cod_delivery_notes": null, "is_verified": false, "verification_status": "suspicious", "verification_notes": null, "verified_by": null, "verified_at": null, "is_suspicious": true, "suspicious_reason": "Same phone used with 2 different names", "customer_received": false, "customer_received_at": null, "customer_received_by": null, "customer_received_notes": null, "created_at": "2025-12-06T17:45:08.153Z", "updated_at": "2025-12-06T18:16:13.383Z"}}, {"model": "app.order", "pk": 40, "fields": {"order_number": "MD00008", "customer": "1cc3ea01-8f71-4189-b14b-2f98a90bd5ef", "customer_name": "YEUN VICHEKA 5566", "customer_phone": "56", "customer_email": null, "customer_address": "# AP-1471, Aphivath Blvd, Doeum Kor Village, Sangkat Chroy  Changva,  Khan Chroy Changva, Phnom Penh, Cambodia.", "customer_province": "Preah Sihanouk", "subtotal": "0.10", "shipping_fee": "0.00", "discount_amount": "0.00", "total": "0.10", "payment_method": "Cash on Delivery", "status": "delivered", "promo_code": null, "loyalty_points_used": 0, "loyalty_points_earned": 0, "referral_code_used": null, "notes": null, "payment_received": false, "payment_received_at": null, "payment_received_by": null, "cod_delivery_notes": null, "is_verified": false, "verification_status": "suspicious", "verification_notes": null, "verified_by": null, "verified_at": null, "is_suspicious": true, "suspicious_reason": "Same phone used with 3 different names; 3 orders in last hour", "customer_received": false, "customer_received_at": null, "customer_received_by": null, "customer_received_notes": null, "created_at": "2025-12-06T17:50:24.801Z", "updated_at": "2025-12-06T18:02:16.154Z"}}, {"model": "app.order", "pk": 41, "fields": {"order_number": "MD00009", "customer": "1cc3ea01-8f71-4189-b14b-2f98a90bd5ef", "customer_name": "YEUN VICHEKA 556655", "customer_phone": "56", "customer_email": null, "customer_address": "# AP-1471, Aphivath Blvd, Doeum Kor Village, Sangkat Chroy  Changva,  Khan Chroy Changva, Phnom Penh, Cambodia.", "customer_province": "Preah Sihanouk", "subtotal": "0.10", "shipping_fee": "0.00", "discount_amount": "0.00", "total": "0.10", "payment_method": "Cash on Delivery", "status": "delivered", "promo_code": null, "loyalty_points_used": 0, "loyalty_points_earned": 0, "referral_code_used": null, "notes": null, "payment_received": false, "payment_received_at": null, "payment_received_by": null, "cod_delivery_notes": null, "is_verified": false, "verification_status": "suspicious", "verification_notes": null, "verified_by": null, "verified_at": null, "is_suspicious": true, "suspicious_reason": "Same phone used with 4 different names; 4 orders in last hour", "customer_received": false, "customer_received_at": null, "customer_received_by": null, "customer_received_notes": null, "created_at": "2025-12-06T17:51:41.701Z", "updated_at": "2025-12-06T18:24:49.257Z"}}, {"model": "app.order", "pk": 42, "fields": {"order_number": "MD00010", "customer": "1cc3ea01-8f71-4189-b14b-2f98a90bd5ef", "customer_name": "YEUN VICHEKA 55665564546546545", "customer_phone": "56", "customer_email": null, "customer_address": "# AP-1471, Aphivath Blvd, Doeum Kor Village, Sangkat Chroy  Changva,  Khan Chroy Changva, Phnom Penh, Cambodia.", "customer_province": "Preah Sihanouk", "subtotal": "0.10", "shipping_fee": "0.00", "discount_amount": "0.00", "total": "0.10", "payment_method": "Cash on Delivery", "status": "delivered", "promo_code": null, "loyalty_points_used": 0, "loyalty_points_earned": 0, "referral_code_used": null, "notes": null, "payment_received": false, "payment_received_at": null, "payment_received_by": null, "cod_delivery_notes": null, "is_verified": false, "verification_status": "suspicious", "verification_notes": null, "verified_by": null, "verified_at": null, "is_suspicious": true, "suspicious_reason": "Same phone used with 5 different names; 5 orders in last hour", "customer_received": false, "customer_received_at": null, "customer_received_by": null, "customer_received_notes": null, "created_at": "2025-12-06T17:55:09.001Z", "updated_at": "2025-12-06T18:24:28.255Z"}}, {"model": "app.order", "pk": 43, "fields": {"order_number": "MD00011", "customer": "1cc3ea01-8f71-4189-b14b-2f98a90bd5ef", "customer_name": "YEUN VICHEKA 55665564546546545", "customer_phone": "56", "customer_email": null, "customer_address": "# AP-1471, Aphivath Blvd, Doeum Kor Village, Sangkat Chroy  Changva,  Khan Chroy Changva, Phnom Penh, Cambodia.", "customer_province": "Preah Sihanouk", "subtotal": "0.10", "shipping_fee": "0.00", "discount_amount": "0.00", "total": "0.10", "payment_method": "Cash on Delivery", "status": "delivered", "promo_code": null, "loyalty_points_used": 0, "loyalty_points_earned": 0, "referral_code_used": null, "notes": null, "payment_received": false, "payment_received_at": null, "payment_received_by": null, "cod_delivery_notes": null, "is_verified": false, "verification_status": "suspicious", "verification_notes": null, "verified_by": null, "verified_at": null, "is_suspicious": true, "suspicious_reason": "Same phone used with 6 different names; 6 orders in last hour", "customer_received": false, "customer_received_at": null, "customer_received_by": null, "customer_received_notes": null, "created_at": "2025-12-06T17:55:59.639Z", "updated_at": "2025-12-06T18:28:43.754Z"}}, {"model": "app.order", "pk": 44, "fields": {"order_number": "MD00012", "customer": "5f49b407-82be-4207-b24d-38693d595ad3", "customer_name": "YEUN VICHEKA 22", "customer_phone": "061256510", "customer_email": null, "customer_address": "# AP-1471, Aphivath Blvd, Doeum Kor Village, Sangkat Chroy  Changva,  Khan Chroy Changva, Phnom Penh, Cambodia.", "customer_province": "Prey Veng", "subtotal": "0.20", "shipping_fee": "0.00", "discount_amount": "0.00", "total": "0.20", "payment_method": "Cash on Delivery", "status": "delivered", "promo_code": null, "loyalty_points_used": 0, "loyalty_points_earned": 0, "referral_code_used": null, "notes": null, "payment_received": false, "payment_received_at": null, "payment_received_by": null, "cod_delivery_notes": null, "is_verified": false, "verification_status": "suspicious", "verification_notes": null, "verified_by": null, "verified_at": null, "is_suspicious": true, "suspicious_reason": "Same phone used with 2 different names", "customer_received": false, "customer_received_at": null, "customer_received_by": null, "customer_received_notes": null, "created_at": "2025-12-06T17:56:40.281Z", "updated_at": "2025-12-06T18:39:50.527Z"}}, {"model": "app.order", "pk": 45, "fields": {"order_number": "MD00013", "customer": "5f49b407-82be-4207-b24d-38693d595ad3", "customer_name": "YEUN VICHEKA 22", "customer_phone": "061256510", "customer_email": null, "customer_address": "# AP-1471, Aphivath Blvd, Doeum Kor Village, Sangkat Chroy  Changva,  Khan Chroy Changva, Phnom Penh, Cambodia.", "customer_province": "Prey Veng", "subtotal": "0.10", "shipping_fee": "0.00", "discount_amount": "0.00", "total": "0.10", "payment_method": "Cash on Delivery", "status": "delivered", "promo_code": null, "loyalty_points_used": 0, "loyalty_points_earned": 0, "referral_code_used": null, "notes": null, "payment_received": false, "payment_received_at": null, "payment_received_by": null, "cod_delivery_notes": null, "is_verified": false, "verification_status": "suspicious", "verification_notes": null, "verified_by": null, "verified_at": null, "is_suspicious": true, "suspicious_reason": "Same phone used with 3 different names; 3 orders in last hour", "customer_received": false, "customer_received_at": null, "customer_received_by": null, "customer_received_notes": null, "created_at": "2025-12-06T17:59:43.645Z", "updated_at": "2025-12-06T18:06:00.088Z"}}, {"model": "app.order", "pk": 46, "fields": {"order_number": "MD00014", "customer": "5f49b407-82be-4207-b24d-38693d595ad3", "customer_name": "YEUN VICHEKA 22", "customer_phone": "061256510", "customer_email": null, "customer_address": "# AP-1471, Aphivath Blvd, Doeum Kor Village, Sangkat Chroy  Changva,  Khan Chroy Changva, Phnom Penh, Cambodia.", "customer_province": "Prey Veng", "subtotal": "0.10", "shipping_fee": "0.00", "discount_amount": "0.00", "total": "0.10", "payment_method": "Cash on Delivery", "status": "delivered", "promo_code": null, "loyalty_points_used": 0, "loyalty_points_earned": 0, "referral_code_used": null, "notes": null, "payment_received": false, "payment_received_at": null, "payment_received_by": null, "cod_delivery_notes": null, "is_verified": false, "verification_status": "suspicious", "verification_notes": null, "verified_by": null, "verified_at": null, "is_suspicious": true, "suspicious_reason": "Same phone used with 4 different names; 4 orders in last hour", "customer_received": false, "customer_received_at": null, "customer_received_by": null, "customer_received_notes": null, "created_at": "2025-12-06T18:17:26.455Z", "updated_at": "2025-12-06T19:02:21.290Z"}}, {"model": "app.order", "pk": 47, "fields": {"order_number": "MD00015", "customer": "1ec56247-ac19-4f8f-8d1f-b41c1ae0b95e", "customer_name": "YEUN VICHEKA 22", "customer_phone": "5115145", "customer_email": null, "customer_address": "# AP-1471, Aphivath Blvd, Doeum Kor Village, Sangkat Chroy  Changva,  Khan Chroy Changva, Phnom Penh, Cambodia.", "customer_province": "Prey Veng", "subtotal": "0.10", "shipping_fee": "0.00", "discount_amount": "0.00", "total": "0.10", "payment_method": "Cash on Delivery", "status": "delivered", "promo_code": null, "loyalty_points_used": 0, "loyalty_points_earned": 0, "referral_code_used": null, "notes": null, "payment_received": true, "payment_received_at": "2025-12-06T18:51:15.534Z", "payment_received_by": "admin", "cod_delivery_notes": null, "is_verified": false, "verification_status": "pending", "verification_notes": null, "verified_by": null, "verified_at": null, "is_suspicious": false, "suspicious_reason": null, "customer_received": false, "customer_received_at": null, "customer_received_by": null, "customer_received_notes": null, "created_at": "2025-12-06T18:22:15.938Z", "updated_at": "2025-12-06T18:51:25.926Z"}}, {"model": "app.order", "pk": 48, "fields": {"order_number": "MD00016", "customer": "1ec56247-ac19-4f8f-8d1f-b41c1ae0b95e", "customer_name": "YEUN VICHEKA 22", "customer_phone": "5115145", "customer_email": null, "customer_address": "# AP-1471, Aphivath Blvd, Doeum Kor Village, Sangkat Chroy  Changva,  Khan Chroy Changva, Phnom Penh, Cambodia.", "customer_province": "Prey Veng", "subtotal": "0.10", "shipping_fee": "0.00", "discount_amount": "0.00", "total": "0.10", "payment_method": "Cash on Delivery", "status": "delivered", "promo_code": null, "loyalty_points_used": 0, "loyalty_points_earned": 0, "referral_code_used": null, "notes": null, "payment_received": true, "payment_received_at": "2025-12-06T19:23:33.674Z", "payment_received_by": "QR Scanner", "cod_delivery_notes": "Payment confirmed via QR code scan", "is_verified": false, "verification_status": "pending", "verification_notes": null, "verified_by": null, "verified_at": null, "is_suspicious": false, "suspicious_reason": null, "customer_received": false, "customer_received_at": null, "customer_received_by": null, "customer_received_notes": null, "created_at": "2025-12-06T19:02:34.332Z", "updated_at": "2025-12-06T19:23:33.674Z"}}, {"model": "app.order", "pk": 49, "fields": {"order_number": "MD00017", "customer": "1ec56247-ac19-4f8f-8d1f-b41c1ae0b95e", "customer_name": "YEUN VICHEKA 22", "customer_phone": "5115145", "customer_email": null, "customer_address": "# AP-1471, Aphivath Blvd, Doeum Kor Village, Sangkat Chroy  Changva,  Khan Chroy Changva, Phnom Penh, Cambodia.", "customer_province": "Prey Veng", "subtotal": "0.10", "shipping_fee": "0.00", "discount_amount": "0.00", "total": "0.10", "payment_method": "Cash on Delivery", "status": "delivered", "promo_code": null, "loyalty_points_used": 0, "loyalty_points_earned": 0, "referral_code_used": null, "notes": null, "payment_received": false, "payment_received_at": null, "payment_received_by": null, "cod_delivery_notes": null, "is_verified": false, "verification_status": "suspicious", "verification_notes": null, "verified_by": null, "verified_at": null, "is_suspicious": true, "suspicious_reason": "Same phone used with 2 different names", "customer_received": false, "customer_received_at": null, "customer_received_by": null, "customer_received_notes": null, "created_at": "2025-12-06T19:36:50.287Z", "updated_at": "2025-12-07T04:38:37.782Z"}}, {"model": "app.order", "pk": 50, "fields": {"order_number": "MD00018", "customer": "1ec56247-ac19-4f8f-8d1f-b41c1ae0b95e", "customer_name": "YEUN VICHEKA 22", "customer_phone": "5115145", "customer_email": null, "customer_address": "# AP-1471, Aphivath Blvd, Doeum Kor Village, Sangkat Chroy  Changva,  Khan Chroy Changva, Phnom Penh, Cambodia.", "customer_province": "Prey Veng", "subtotal": "0.20", "shipping_fee": "0.00", "discount_amount": "0.00", "total": "0.20", "payment_method": "Cash on Delivery", "status": "delivered", "promo_code": null, "loyalty_points_used": 0, "loyalty_points_earned": 0, "referral_code_used": null, "notes": null, "payment_received": true, "payment_received_at": "2025-12-06T19:41:10.606Z", "payment_received_by": "QR Scanner", "cod_delivery_notes": "Payment confirmed via QR code scan", "is_verified": false, "verification_status": "suspicious", "verification_notes": null, "verified_by": null, "verified_at": null, "is_suspicious": true, "suspicious_reason": "Same phone used with 3 different names", "customer_received": true, "customer_received_at": "2025-12-06T19:41:10.606Z", "customer_received_by": "QR Scanner", "customer_received_notes": "Customer received order via QR code scan", "created_at": "2025-12-06T19:39:26.283Z", "updated_at": "2025-12-06T19:41:10.606Z"}}, {"model": "app.order", "pk": 51, "fields": {"order_number": "MD00019", "customer": "1ec56247-ac19-4f8f-8d1f-b41c1ae0b95e", "customer_name": "YEUN VICHEKA 22", "customer_phone": "5115145", "customer_email": null, "customer_address": "# AP-1471, Aphivath Blvd, Doeum Kor Village, Sangkat Chroy  Changva,  Khan Chroy Changva, Phnom Penh, Cambodia.", "customer_province": "Prey Veng", "subtotal": "0.10", "shipping_fee": "0.00", "discount_amount": "0.00", "total": "0.10", "payment_method": "Cash on Delivery", "status": "delivered", "promo_code": null, "loyalty_points_used": 0, "loyalty_points_earned": 0, "referral_code_used": null, "notes": null, "payment_received": true, "payment_received_at": "2025-12-07T04:38:53.887Z", "payment_received_by": "Employee Dashboard", "cod_delivery_notes": null, "is_verified": false, "verification_status": "suspicious", "verification_notes": null, "verified_by": null, "verified_at": null, "is_suspicious": true, "suspicious_reason": "Same phone used with 4 different names", "customer_received": true, "customer_received_at": "2025-12-07T04:38:53.887Z", "customer_received_by": "Employee Dashboard", "customer_received_notes": null, "created_at": "2025-12-07T04:23:23.330Z", "updated_at": "2025-12-07T04:38:55.750Z"}}, {"model": "app.order", "pk": 52, "fields": {"order_number": "MD00020", "customer": "1ec56247-ac19-4f8f-8d1f-b41c1ae0b95e", "customer_name": "YEUN VICHEKA 22", "customer_phone": "5115145", "customer_email": null, "customer_address": "# AP-1471, Aphivath Blvd, Doeum Kor Village, Sangkat Chroy  Changva,  Khan Chroy Changva, Phnom Penh, Cambodia.", "customer_province": "Prey Veng", "subtotal": "0.10", "shipping_fee": "0.00", "discount_amount": "0.00", "total": "0.10", "payment_method": "Cash on Delivery", "status": "delivered", "promo_code": null, "loyalty_points_used": 0, "loyalty_points_earned": 0, "referral_code_used": null, "notes": null, "payment_received": false, "payment_received_at": null, "payment_received_by": null, "cod_delivery_notes": null, "is_verified": false, "verification_status": "suspicious", "verification_notes": null, "verified_by": null, "verified_at": null, "is_suspicious": true, "suspicious_reason": "Same phone used with 5 different names", "customer_received": false, "customer_received_at": null, "customer_received_by": null, "customer_received_notes": null, "created_at": "2025-12-07T04:27:14.984Z", "updated_at": "2025-12-07T04:31:04.282Z"}}, {"model": "app.order", "pk": 53, "fields": {"order_number": "MD00021", "customer": "1ec56247-ac19-4f8f-8d1f-b41c1ae0b95e", "customer_name": "YEUN VICHEKA 22", "customer_phone": "5115145", "customer_email": null, "customer_address": "# AP-1471, Aphivath Blvd, Doeum Kor Village, Sangkat Chroy  Changva,  Khan Chroy Changva, Phnom Penh, Cambodia.", "customer_province": "Prey Veng", "subtotal": "0.10", "shipping_fee": "0.00", "discount_amount": "0.00", "total": "0.10", "payment_method": "Cash on Delivery", "status": "delivered", "promo_code": null, "loyalty_points_used": 0, "loyalty_points_earned": 0, "referral_code_used": null, "notes": null, "payment_received": false, "payment_received_at": null, "payment_received_by": null, "cod_delivery_notes": null, "is_verified": false, "verification_status": "suspicious", "verification_notes": null, "verified_by": null, "verified_at": null, "is_suspicious": true, "suspicious_reason": "Same phone used with 6 different names", "customer_received": false, "customer_received_at": null, "customer_received_by": null, "customer_received_notes": null, "created_at": "2025-12-07T04:49:35.310Z", "updated_at": "2025-12-07T04:49:55.076Z"}}, {"model": "app.order", "pk": 54, "fields": {"order_number": "MD00022", "customer": "1ec56247-ac19-4f8f-8d1f-b41c1ae0b95e", "customer_name": "YEUN VICHEKA 22", "customer_phone": "5115145", "customer_email": null, "customer_address": "# AP-1471, Aphivath Blvd, Doeum Kor Village, Sangkat Chroy  Changva,  Khan Chroy Changva, Phnom Penh, Cambodia.", "customer_province": "Prey Veng", "subtotal": "0.10", "shipping_fee": "0.00", "discount_amount": "0.00", "total": "0.10", "payment_method": "Cash on Delivery", "status": "out_for_delivery", "promo_code": null, "loyalty_points_used": 0, "loyalty_points_earned": 0, "referral_code_used": null, "notes": null, "payment_received": true, "payment_received_at": "2025-12-07T05:03:27.057Z", "payment_received_by": "QR Scanner", "cod_delivery_notes": "Payment confirmed via QR code scan", "is_verified": false, "verification_status": "suspicious", "verification_notes": null, "verified_by": null, "verified_at": null, "is_suspicious": true, "suspicious_reason": "Same phone used with 7 different names; 3 orders in last hour", "customer_received": true, "customer_received_at": "2025-12-07T05:03:27.057Z", "customer_received_by": "QR Scanner", "customer_received_notes": "Payment confirmed via QR code scan", "created_at": "2025-12-07T04:51:38.461Z", "updated_at": "2025-12-07T05:08:53.642Z"}}, {"model": "app.order", "pk": 55, "fields": {"order_number": "MD00023", "customer": "1ec56247-ac19-4f8f-8d1f-b41c1ae0b95e", "customer_name": "YEUN VICHEKA 22", "customer_phone": "5115145", "customer_email": null, "customer_address": "# AP-1471, Aphivath Blvd, Doeum Kor Village, Sangkat Chroy  Changva,  Khan Chroy Changva, Phnom Penh, Cambodia.", "customer_province": "Prey Veng", "subtotal": "0.10", "shipping_fee": "0.00", "discount_amount": "0.00", "total": "0.10", "payment_method": "Cash on Delivery", "status": "delivered", "promo_code": null, "loyalty_points_used": 0, "loyalty_points_earned": 0, "referral_code_used": null, "notes": null, "payment_received": true, "payment_received_at": "2025-12-07T05:04:54.692Z", "payment_received_by": "QR Scanner", "cod_delivery_notes": "Payment confirmed via QR code scan", "is_verified": false, "verification_status": "suspicious", "verification_notes": null, "verified_by": null, "verified_at": null, "is_suspicious": true, "suspicious_reason": "Same phone used with 8 different names; 4 orders in last hour", "customer_received": true, "customer_received_at": "2025-12-07T05:04:54.692Z", "customer_received_by": "QR Scanner", "customer_received_notes": "Payment confirmed via QR code scan", "created_at": "2025-12-07T05:03:57.730Z", "updated_at": "2025-12-07T05:08:41.646Z"}}, {"model": "app.order", "pk": 56, "fields": {"order_number": "MD00024", "customer": "972b5f1c-11ca-42f5-81cb-c8d322bae695", "customer_name": "YEUN VICHEKA 33", "customer_phone": "016793418", "customer_email": null, "customer_address": "# AP-1471, Aphivath Blvd, Doeum Kor Village, Sangkat Chroy  Changva,  Khan Chroy Changva, Phnom Penh, Cambodia.", "customer_province": "Siem Reap", "subtotal": "0.10", "shipping_fee": "0.00", "discount_amount": "0.00", "total": "0.10", "payment_method": "Cash on Delivery", "status": "confirmed", "promo_code": null, "loyalty_points_used": 0, "loyalty_points_earned": 0, "referral_code_used": null, "notes": null, "payment_received": true, "payment_received_at": "2025-12-07T05:15:18.929Z", "payment_received_by": "QR Scanner", "cod_delivery_notes": "Payment confirmed via QR code scan", "is_verified": false, "verification_status": "pending", "verification_notes": null, "verified_by": null, "verified_at": null, "is_suspicious": false, "suspicious_reason": null, "customer_received": true, "customer_received_at": "2025-12-07T05:15:18.929Z", "customer_received_by": "QR Scanner", "customer_received_notes": "Payment confirmed via QR code scan", "created_at": "2025-12-07T05:14:40.087Z", "updated_at": "2025-12-07T05:15:18.929Z"}}, {"model": "app.order", "pk": 57, "fields": {"order_number": "MD00025", "customer": "174d67d1-c222-4097-8c9d-84726e7762a3", "customer_name": "YEUN VICHEKA 33", "customer_phone": "33513", "customer_email": null, "customer_address": "# AP-1471, Aphivath Blvd, Doeum Kor Village, Sangkat Chroy  Changva,  Khan Chroy Changva, Phnom Penh, Cambodia.", "customer_province": "Siem Reap", "subtotal": "0.10", "shipping_fee": "0.00", "discount_amount": "0.00", "total": "0.10", "payment_method": "Cash on Delivery", "status": "confirmed", "promo_code": null, "loyalty_points_used": 0, "loyalty_points_earned": 0, "referral_code_used": null, "notes": null, "payment_received": true, "payment_received_at": "2025-12-07T07:21:14.192Z", "payment_received_by": "QR Scanner", "cod_delivery_notes": "Payment confirmed via QR code scan", "is_verified": false, "verification_status": "pending", "verification_notes": null, "verified_by": null, "verified_at": null, "is_suspicious": false, "suspicious_reason": null, "customer_received": true, "customer_received_at": "2025-12-07T07:21:14.192Z", "customer_received_by": "QR Scanner", "customer_received_notes": "Payment confirmed via QR code scan", "created_at": "2025-12-07T07:18:11.446Z", "updated_at": "2025-12-07T07:21:14.193Z"}}, {"model": "app.order", "pk": 58, "fields": {"order_number": "MD00026", "customer": "174d67d1-c222-4097-8c9d-84726e7762a3", "customer_name": "YEUN VICHEKA 33", "customer_phone": "33513", "customer_email": null, "customer_address": "# AP-1471, Aphivath Blvd, Doeum Kor Village, Sangkat Chroy  Changva,  Khan Chroy Changva, Phnom Penh, Cambodia.", "customer_province": "Siem Reap", "subtotal": "0.10", "shipping_fee": "0.00", "discount_amount": "0.00", "total": "0.10", "payment_method": "Cash on Delivery", "status": "preparing", "promo_code": null, "loyalty_points_used": 0, "loyalty_points_earned": 0, "referral_code_used": null, "notes": null, "payment_received": true, "payment_received_at": "2025-12-08T23:39:29.932Z", "payment_received_by": "Employee Dashboard", "cod_delivery_notes": null, "is_verified": false, "verification_status": "pending", "verification_notes": null, "verified_by": null, "verified_at": null, "is_suspicious": false, "suspicious_reason": null, "customer_received": true, "customer_received_at": "2025-12-08T23:39:29.932Z", "customer_received_by": "Employee Dashboard", "customer_received_notes": null, "created_at": "2025-12-07T16:15:11.978Z", "updated_at": "2025-12-08T23:39:29.932Z"}}, {"model": "app.order", "pk": 59, "fields": {"order_number": "MD00027", "customer": "5f49b407-82be-4207-b24d-38693d595ad3", "customer_name": "YEUN VICHEKA 33", "customer_phone": "061256510", "customer_email": null, "customer_address": "# AP-1471, Aphivath Blvd, Doeum Kor Village, Sangkat Chroy  Changva,  Khan Chroy Changva, Phnom Penh, Cambodia.", "customer_province": "Siem Reap", "subtotal": "0.10", "shipping_fee": "0.00", "discount_amount": "0.00", "total": "0.10", "payment_method": "Cash on Delivery", "status": "pending", "promo_code": null, "loyalty_points_used": 0, "loyalty_points_earned": 0, "referral_code_used": null, "notes": null, "payment_received": true, "payment_received_at": "2025-12-08T23:32:31.226Z", "payment_received_by": "Employee Dashboard", "cod_delivery_notes": null, "is_verified": false, "verification_status": "suspicious", "verification_notes": null, "verified_by": null, "verified_at": null, "is_suspicious": true, "suspicious_reason": "Same phone used with 5 different names", "customer_received": true, "customer_received_at": "2025-12-08T23:32:31.226Z", "customer_received_by": "Employee Dashboard", "customer_received_notes": null, "created_at": "2025-12-07T16:27:54.837Z", "updated_at": "2025-12-08T23:32:31.226Z"}}, {"model": "app.order", "pk": 60, "fields": {"order_number": "MD00028", "customer": "217ef67b-11c7-42a0-86af-3f0af830f6d5", "customer_name": "YEUN VICHEKA 33", "customer_phone": "65515", "customer_email": null, "customer_address": "# AP-1471, Aphivath Blvd, Doeum Kor Village, Sangkat Chroy  Changva,  Khan Chroy Changva, Phnom Penh, Cambodia.", "customer_province": "Siem Reap", "subtotal": "0.10", "shipping_fee": "0.00", "discount_amount": "0.00", "total": "0.10", "payment_method": "Cash on Delivery", "status": "pending", "promo_code": null, "loyalty_points_used": 0, "loyalty_points_earned": 0, "referral_code_used": null, "notes": null, "payment_received": true, "payment_received_at": "2025-12-08T23:32:17.541Z", "payment_received_by": "Employee Dashboard", "cod_delivery_notes": null, "is_verified": false, "verification_status": "pending", "verification_notes": null, "verified_by": null, "verified_at": null, "is_suspicious": false, "suspicious_reason": null, "customer_received": true, "customer_received_at": "2025-12-08T23:32:17.541Z", "customer_received_by": "Employee Dashboard", "customer_received_notes": null, "created_at": "2025-12-07T16:29:29.417Z", "updated_at": "2025-12-08T23:32:17.541Z"}}, {"model": "app.order", "pk": 61, "fields": {"order_number": "MD00029", "customer": "217ef67b-11c7-42a0-86af-3f0af830f6d5", "customer_name": "YEUN VICHEKA 33", "customer_phone": "65515", "customer_email": null, "customer_address": "# AP-1471, Aphivath Blvd, Doeum Kor Village, Sangkat Chroy  Changva,  Khan Chroy Changva, Phnom Penh, Cambodia.", "customer_province": "Siem Reap", "subtotal": "0.10", "shipping_fee": "0.00", "discount_amount": "0.00", "total": "0.10", "payment_method": "Cash on Delivery", "status": "pending", "promo_code": null, "loyalty_points_used": 0, "loyalty_points_earned": 0, "referral_code_used": null, "notes": null, "payment_received": true, "payment_received_at": "2025-12-08T23:26:30.838Z", "payment_received_by": "Employee Dashboard", "cod_delivery_notes": "s", "is_verified": false, "verification_status": "pending", "verification_notes": null, "verified_by": null, "verified_at": null, "is_suspicious": false, "suspicious_reason": null, "customer_received": true, "customer_received_at": "2025-12-08T23:26:30.838Z", "customer_received_by": "Employee Dashboard", "customer_received_notes": "s", "created_at": "2025-12-07T16:36:04.632Z", "updated_at": "2025-12-08T23:26:30.838Z"}}, {"model": "app.order", "pk": 62, "fields": {"order_number": "MD00030", "customer": "1cc3ea01-8f71-4189-b14b-2f98a90bd5ef", "customer_name": "YEUN VICHEKA 55665564546546545", "customer_phone": "56", "customer_email": null, "customer_address": "# AP-1471, Aphivath Blvd, Doeum Kor Village, Sangkat Chroy  Changva,  Khan Chroy Changva, Phnom Penh, Cambodia.", "customer_province": "Banteay Meanchey", "subtotal": "0.10", "shipping_fee": "0.00", "discount_amount": "0.00", "total": "0.10", "payment_method": "Cash on Delivery", "status": "pending", "promo_code": null, "loyalty_points_used": 0, "loyalty_points_earned": 0, "referral_code_used": null, "notes": null, "payment_received": true, "payment_received_at": "2025-12-08T23:26:20.036Z", "payment_received_by": "Employee Dashboard", "cod_delivery_notes": null, "is_verified": false, "verification_status": "suspicious", "verification_notes": null, "verified_by": null, "verified_at": null, "is_suspicious": true, "suspicious_reason": "Same phone used with 7 different names", "customer_received": true, "customer_received_at": "2025-12-08T23:26:20.036Z", "customer_received_by": "Employee Dashboard", "customer_received_notes": null, "created_at": "2025-12-07T16:36:41.646Z", "updated_at": "2025-12-08T23:26:20.037Z"}}, {"model": "app.order", "pk": 63, "fields": {"order_number": "MD00031", "customer": "5f49b407-82be-4207-b24d-38693d595ad3", "customer_name": "YEUN VICHEKA 223645645645456415645656", "customer_phone": "061256510", "customer_email": null, "customer_address": "# AP-1471, Aphivath Blvd, Doeum Kor Village, Sangkat Chroy  Changva,  Khan Chroy Changva, Phnom Penh, Cambodia.", "customer_province": "Kandal", "subtotal": "0.10", "shipping_fee": "0.00", "discount_amount": "0.00", "total": "0.10", "payment_method": "Cash on Delivery", "status": "pending", "promo_code": null, "loyalty_points_used": 0, "loyalty_points_earned": 0, "referral_code_used": null, "notes": null, "payment_received": true, "payment_received_at": "2025-12-08T23:26:10.857Z", "payment_received_by": "Employee Dashboard", "cod_delivery_notes": null, "is_verified": false, "verification_status": "suspicious", "verification_notes": null, "verified_by": null, "verified_at": null, "is_suspicious": true, "suspicious_reason": "Same phone used with 6 different names", "customer_received": true, "customer_received_at": "2025-12-08T23:26:10.857Z", "customer_received_by": "Employee Dashboard", "customer_received_notes": null, "created_at": "2025-12-07T16:40:53.309Z", "updated_at": "2025-12-08T23:26:10.858Z"}}, {"model": "app.order", "pk": 64, "fields": {"order_number": "MD00032", "customer": "f8bd6405-fde6-4d52-9c02-7b0b6286d4f7", "customer_name": "YEUN VICHEKA 223645645645456415645656", "customer_phone": "555555555555", "customer_email": null, "customer_address": "# AP-1471, Aphivath Blvd, Doeum Kor Village, Sangkat Chroy  Changva,  Khan Chroy Changva, Phnom Penh, Cambodia.", "customer_province": "Kandal", "subtotal": "0.10", "shipping_fee": "0.00", "discount_amount": "0.00", "total": "0.10", "payment_method": "Cash on Delivery", "status": "preparing", "promo_code": null, "loyalty_points_used": 0, "loyalty_points_earned": 0, "referral_code_used": null, "notes": null, "payment_received": true, "payment_received_at": "2025-12-08T23:33:18.464Z", "payment_received_by": "Employee Dashboard", "cod_delivery_notes": null, "is_verified": false, "verification_status": "pending", "verification_notes": null, "verified_by": null, "verified_at": null, "is_suspicious": false, "suspicious_reason": null, "customer_received": true, "customer_received_at": "2025-12-08T23:33:18.464Z", "customer_received_by": "Employee Dashboard", "customer_received_notes": null, "created_at": "2025-12-07T16:45:41.451Z", "updated_at": "2025-12-08T23:33:18.464Z"}}, {"model": "app.order", "pk": 65, "fields": {"order_number": "MD00033", "customer": "f8bd6405-fde6-4d52-9c02-7b0b6286d4f7", "customer_name": "YEUN VICHEKA 223645645645456415645656", "customer_phone": "555555555555", "customer_email": null, "customer_address": "# AP-1471, Aphivath Blvd, Doeum Kor Village, Sangkat Chroy  Changva,  Khan Chroy Changva, Phnom Penh, Cambodia.", "customer_province": "Kandal", "subtotal": "0.10", "shipping_fee": "0.00", "discount_amount": "0.00", "total": "0.10", "payment_method": "Cash on Delivery", "status": "delivered", "promo_code": null, "loyalty_points_used": 0, "loyalty_points_earned": 0, "referral_code_used": null, "notes": null, "payment_received": true, "payment_received_at": "2025-12-08T11:29:18.889Z", "payment_received_by": "Employee Dashboard", "cod_delivery_notes": null, "is_verified": false, "verification_status": "pending", "verification_notes": null, "verified_by": null, "verified_at": null, "is_suspicious": false, "suspicious_reason": null, "customer_received": true, "customer_received_at": "2025-12-08T11:29:18.889Z", "customer_received_by": "Employee Dashboard", "customer_received_notes": null, "created_at": "2025-12-07T16:48:07.044Z", "updated_at": "2025-12-08T11:29:28.152Z"}}, {"model": "app.order", "pk": 66, "fields": {"order_number": "MD00034", "customer": "f8bd6405-fde6-4d52-9c02-7b0b6286d4f7", "customer_name": "YEUN VICHEKA 223645645645456415645656", "customer_phone": "555555555555", "customer_email": null, "customer_address": "# AP-1471, Aphivath Blvd, Doeum Kor Village, Sangkat Chroy  Changva,  Khan Chroy Changva, Phnom Penh, Cambodia.", "customer_province": "Kandal", "subtotal": "0.10", "shipping_fee": "0.00", "discount_amount": "0.00", "total": "0.10", "payment_method": "Cash on Delivery", "status": "delivered", "promo_code": null, "loyalty_points_used": 0, "loyalty_points_earned": 0, "referral_code_used": null, "notes": null, "payment_received": true, "payment_received_at": "2025-12-08T23:42:51.486Z", "payment_received_by": "Employee Dashboard", "cod_delivery_notes": null, "is_verified": false, "verification_status": "suspicious", "verification_notes": null, "verified_by": null, "verified_at": null, "is_suspicious": true, "suspicious_reason": "Same phone used with 2 different names", "customer_received": false, "customer_received_at": null, "customer_received_by": null, "customer_received_notes": null, "created_at": "2025-12-07T16:49:41.993Z", "updated_at": "2025-12-08T23:42:54.957Z"}}, {"model": "app.order", "pk": 67, "fields": {"order_number": "MD00035", "customer": "5f49b407-82be-4207-b24d-38693d595ad3", "customer_name": "vicheka", "customer_phone": "061256510", "customer_email": null, "customer_address": "# AP-1471, Aphivath Blvd, Doeum Kor Village, Sangkat Chroy  Changva,  Khan Chroy Changva, Phnom Penh, Cambodia.", "customer_province": "Phnom Penh", "subtotal": "0.10", "shipping_fee": "0.00", "discount_amount": "0.00", "total": "0.10", "payment_method": "Cash on Delivery", "status": "preparing", "promo_code": null, "loyalty_points_used": 0, "loyalty_points_earned": 0, "referral_code_used": null, "notes": null, "payment_received": true, "payment_received_at": "2025-12-08T23:36:15.186Z", "payment_received_by": "Employee Dashboard", "cod_delivery_notes": null, "is_verified": false, "verification_status": "suspicious", "verification_notes": null, "verified_by": null, "verified_at": null, "is_suspicious": true, "suspicious_reason": "Same phone used with 7 different names", "customer_received": true, "customer_received_at": "2025-12-08T23:36:15.186Z", "customer_received_by": "Employee Dashboard", "customer_received_notes": null, "created_at": "2025-12-08T09:48:25.743Z", "updated_at": "2025-12-08T23:36:15.186Z"}}, {"model": "app.order", "pk": 68, "fields": {"order_number": "MD00036", "customer": "5f49b407-82be-4207-b24d-38693d595ad3", "customer_name": "vicheka yeun", "customer_phone": "061256510", "customer_email": null, "customer_address": "# AP-1471, Aphivath Blvd, Doeum Kor Village, Sangkat Chroy  Changva,  Khan Chroy Changva, Phnom Penh, Cambodia.", "customer_province": "Kandal", "subtotal": "0.10", "shipping_fee": "0.00", "discount_amount": "0.00", "total": "0.10", "payment_method": "Cash on Delivery", "status": "ready_for_delivery", "promo_code": null, "loyalty_points_used": 0, "loyalty_points_earned": 0, "referral_code_used": null, "notes": null, "payment_received": true, "payment_received_at": "2025-12-08T23:36:36.833Z", "payment_received_by": "Employee Dashboard", "cod_delivery_notes": null, "is_verified": false, "verification_status": "suspicious", "verification_notes": null, "verified_by": null, "verified_at": null, "is_suspicious": true, "suspicious_reason": "Same phone used with 8 different names", "customer_received": true, "customer_received_at": "2025-12-08T23:36:36.833Z", "customer_received_by": "Employee Dashboard", "customer_received_notes": null, "created_at": "2025-12-08T10:11:58.530Z", "updated_at": "2025-12-08T23:36:36.833Z"}}, {"model": "app.order", "pk": 69, "fields": {"order_number": "MD00037", "customer": "f8bd6405-fde6-4d52-9c02-7b0b6286d4f7", "customer_name": "YEUN VICHEKA 223645645645456415645656", "customer_phone": "555555555555", "customer_email": null, "customer_address": "# AP-1471, Aphivath Blvd, Doeum Kor Village, Sangkat Chroy  Changva,  Khan Chroy Changva, Phnom Penh, Cambodia.", "customer_province": "Kandal", "subtotal": "0.10", "shipping_fee": "0.00", "discount_amount": "0.00", "total": "0.10", "payment_method": "KHQR", "status": "delivered", "promo_code": null, "loyalty_points_used": 0, "loyalty_points_earned": 0, "referral_code_used": null, "notes": null, "payment_received": false, "payment_received_at": null, "payment_received_by": null, "cod_delivery_notes": null, "is_verified": false, "verification_status": "suspicious", "verification_notes": null, "verified_by": null, "verified_at": null, "is_suspicious": true, "suspicious_reason": "Same phone used with 3 different names", "customer_received": false, "customer_received_at": null, "customer_received_by": null, "customer_received_notes": null, "created_at": "2025-12-08T15:02:18.789Z", "updated_at": "2025-12-08T23:43:44.508Z"}}, {"model": "app.order", "pk": 70, "fields": {"order_number": "MD00038", "customer": "f8bd6405-fde6-4d52-9c02-7b0b6286d4f7", "customer_name": "YEUN VICHEKA 223645645645456415645656", "customer_phone": "555555555555", "customer_email": null, "customer_address": "# AP-1471, Aphivath Blvd, Doeum Kor Village, Sangkat Chroy  Changva,  Khan Chroy Changva, Phnom Penh, Cambodia.", "customer_province": "Kandal", "subtotal": "0.10", "shipping_fee": "0.00", "discount_amount": "0.00", "total": "0.10", "payment_method": "Cash on Delivery", "status": "delivered", "promo_code": null, "loyalty_points_used": 0, "loyalty_points_earned": 0, "referral_code_used": null, "notes": null, "payment_received": true, "payment_received_at": "2025-12-08T23:43:26.938Z", "payment_received_by": "Employee Dashboard", "cod_delivery_notes": null, "is_verified": false, "verification_status": "suspicious", "verification_notes": null, "verified_by": null, "verified_at": null, "is_suspicious": true, "suspicious_reason": "Same phone used with 4 different names", "customer_received": false, "customer_received_at": null, "customer_received_by": null, "customer_received_notes": null, "created_at": "2025-12-08T23:43:16.239Z", "updated_at": "2025-12-08T23:44:56.724Z"}}, {"model": "app.order", "pk": 71, "fields": {"order_number": "MD00039", "customer": "f8bd6405-fde6-4d52-9c02-7b0b6286d4f7", "customer_name": "YEUN VICHEKA 223645645645456415645656", "customer_phone": "555555555555", "customer_email": null, "customer_address": "# AP-1471, Aphivath Blvd, Doeum Kor Village, Sangkat Chroy  Changva,  Khan Chroy Changva, Phnom Penh, Cambodia.", "customer_province": "Kandal", "subtotal": "0.10", "shipping_fee": "0.00", "discount_amount": "0.00", "total": "0.10", "payment_method": "Cash on Delivery", "status": "delivered", "promo_code": null, "loyalty_points_used": 0, "loyalty_points_earned": 0, "referral_code_used": null, "notes": null, "payment_received": true, "payment_received_at": "2025-12-09T16:28:02.489Z", "payment_received_by": "Employee Dashboard", "cod_delivery_notes": null, "is_verified": false, "verification_status": "suspicious", "verification_notes": null, "verified_by": null, "verified_at": null, "is_suspicious": true, "suspicious_reason": "Same phone used with 5 different names", "customer_received": false, "customer_received_at": null, "customer_received_by": null, "customer_received_notes": null, "created_at": "2025-12-09T16:27:41.362Z", "updated_at": "2025-12-09T16:28:06.189Z"}}, {"model": "app.order", "pk": 72, "fields": {"order_number": "MD00040", "customer": "cdd86e4a-1931-4c9c-987f-ec71d9dc6f82", "customer_name": "Yeun Vicheka", "customer_phone": "014648948", "customer_email": null, "customer_address": "kfhuiehikgiSLFP9EP", "customer_province": "Kandal", "subtotal": "0.10", "shipping_fee": "0.00", "discount_amount": "0.00", "total": "0.10", "payment_method": "Cash on Delivery", "status": "delivered", "promo_code": null, "loyalty_points_used": 0, "loyalty_points_earned": 0, "referral_code_used": null, "notes": null, "payment_received": true, "payment_received_at": "2025-12-09T16:40:12.534Z", "payment_received_by": "Employee Dashboard", "cod_delivery_notes": null, "is_verified": false, "verification_status": "pending", "verification_notes": null, "verified_by": null, "verified_at": null, "is_suspicious": false, "suspicious_reason": null, "customer_received": false, "customer_received_at": null, "customer_received_by": null, "customer_received_notes": null, "created_at": "2025-12-09T16:28:50.480Z", "updated_at": "2025-12-09T16:40:12.534Z"}}, {"model": "app.order", "pk": 73, "fields": {"order_number": "MD00041", "customer": "1ec56247-ac19-4f8f-8d1f-b41c1ae0b95e", "customer_name": "YEUN VICHEKA 22", "customer_phone": "5115145", "customer_email": null, "customer_address": "# AP-1471, Aphivath Blvd, Doeum Kor Village, Sangkat Chroy  Changva,  Khan Chroy Changva, Phnom Penh, Cambodia.", "customer_province": "Kandal", "subtotal": "0.10", "shipping_fee": "0.00", "discount_amount": "0.00", "total": "0.10", "payment_method": "Cash on Delivery", "status": "delivered", "promo_code": null, "loyalty_points_used": 0, "loyalty_points_earned": 0, "referral_code_used": null, "notes": null, "payment_received": true, "payment_received_at": "2025-12-09T16:40:50.561Z", "payment_received_by": "Employee Dashboard", "cod_delivery_notes": null, "is_verified": false, "verification_status": "suspicious", "verification_notes": null, "verified_by": null, "verified_at": null, "is_suspicious": true, "suspicious_reason": "Same phone used with 9 different names", "customer_received": true, "customer_received_at": "2025-12-09T16:40:52.358Z", "customer_received_by": "Employee Dashboard (Auto)", "customer_received_notes": null, "created_at": "2025-12-09T16:40:35.098Z", "updated_at": "2025-12-09T16:40:52.358Z"}}, {"model": "app.order", "pk": 74, "fields": {"order_number": "MD00042", "customer": "5f49b407-82be-4207-b24d-38693d595ad3", "customer_name": "YEUN VICHEKA 22", "customer_phone": "061256510", "customer_email": null, "customer_address": "# AP-1471, Aphivath Blvd, Doeum Kor Village, Sangkat Chroy  Changva,  Khan Chroy Changva, Phnom Penh, Cambodia.", "customer_province": "Kandal", "subtotal": "0.10", "shipping_fee": "0.00", "discount_amount": "0.00", "total": "0.10", "payment_method": "Cash on Delivery", "status": "delivered", "promo_code": null, "loyalty_points_used": 0, "loyalty_points_earned": 0, "referral_code_used": null, "notes": null, "payment_received": true, "payment_received_at": "2025-12-09T16:41:25.842Z", "payment_received_by": "Employee Dashboard", "cod_delivery_notes": null, "is_verified": false, "verification_status": "suspicious", "verification_notes": null, "verified_by": null, "verified_at": null, "is_suspicious": true, "suspicious_reason": "Same phone used with 9 different names", "customer_received": true, "customer_received_at": "2025-12-09T16:41:20.331Z", "customer_received_by": "Employee Dashboard (Auto)", "customer_received_notes": null, "created_at": "2025-12-09T16:41:11.589Z", "updated_at": "2025-12-09T16:41:25.843Z"}}, {"model": "app.order", "pk": 75, "fields": {"order_number": "MD00043", "customer": "1ec56247-ac19-4f8f-8d1f-b41c1ae0b95e", "customer_name": "YEUN VICHEKA 22", "customer_phone": "5115145", "customer_email": null, "customer_address": "# AP-1471, Aphivath Blvd, Doeum Kor Village, Sangkat Chroy  Changva,  Khan Chroy Changva, Phnom Penh, Cambodia.", "customer_province": "Kratie", "subtotal": "0.20", "shipping_fee": "0.00", "discount_amount": "0.00", "total": "0.20", "payment_method": "Cash on Delivery", "status": "delivered", "promo_code": null, "loyalty_points_used": 0, "loyalty_points_earned": 0, "referral_code_used": null, "notes": null, "payment_received": true, "payment_received_at": "2025-12-09T16:55:32.846Z", "payment_received_by": "Employee Dashboard", "cod_delivery_notes": null, "is_verified": false, "verification_status": "suspicious", "verification_notes": null, "verified_by": null, "verified_at": null, "is_suspicious": true, "suspicious_reason": "Same phone used with 10 different names", "customer_received": true, "customer_received_at": "2025-12-09T16:55:34.530Z", "customer_received_by": "Employee Dashboard (Auto)", "customer_received_notes": null, "created_at": "2025-12-09T16:55:03.335Z", "updated_at": "2025-12-09T16:55:34.531Z"}}, {"model": "app.orderitem", "pk": 36, "fields": {"order": 32, "product": null, "product_name": "Dacola - A", "product_price": "0.10", "quantity": 1, "subtotal": "0.10"}}, {"model": "app.orderitem", "pk": 37, "fields": {"order": 33, "product": null, "product_name": "Dacola - B", "product_price": "0.10", "quantity": 1, "subtotal": "0.10"}}, {"model": "app.orderitem", "pk": 38, "fields": {"order": 34, "product": null, "product_name": "Dacola - A", "product_price": "0.10", "quantity": 1, "subtotal": "0.10"}}, {"model": "app.orderitem", "pk": 39, "fields": {"order": 34, "product": null, "product_name": "Dacola - B", "product_price": "0.10", "quantity": 1, "subtotal": "0.10"}}, {"model": "app.orderitem", "pk": 40, "fields": {"order": 35, "product": null, "product_name": "Dacola - A", "product_price": "0.10", "quantity": 1, "subtotal": "0.10"}}, {"model": "app.orderitem", "pk": 41, "fields": {"order": 36, "product": null, "product_name": "Dacola - A", "product_price": "0.10", "quantity": 1, "subtotal": "0.10"}}, {"model": "app.orderitem", "pk": 42, "fields": {"order": 37, "product": null, "product_name": "Dacola - A", "product_price": "0.10", "quantity": 1, "subtotal": "0.10"}}, {"model": "app.orderitem", "pk": 43, "fields": {"order": 38, "product": null, "product_name": "Dacola - C", "product_price": "0.10", "quantity": 1, "subtotal": "0.10"}}, {"model": "app.orderitem", "pk": 44, "fields": {"order": 39, "product": null, "product_name": "Dacola - C", "product_price": "0.10", "quantity": 1, "subtotal": "0.10"}}, {"model": "app.orderitem", "pk": 45, "fields": {"order": 40, "product": null, "product_name": "Dacola - C", "product_price": "0.10", "quantity": 1, "subtotal": "0.10"}}, {"model": "app.orderitem", "pk": 46, "fields": {"order": 41, "product": null, "product_name": "Dacola - C", "product_price": "0.10", "quantity": 1, "subtotal": "0.10"}}, {"model": "app.orderitem", "pk": 47, "fields": {"order": 42, "product": null, "product_name": "Dacola - C", "product_price": "0.10", "quantity": 1, "subtotal": "0.10"}}, {"model": "app.orderitem", "pk": 48, "fields": {"order": 43, "product": null, "product_name": "Dacola - C", "product_price": "0.10", "quantity": 1, "subtotal": "0.10"}}, {"model": "app.orderitem", "pk": 49, "fields": {"order": 44, "product": null, "product_name": "Dacola - C", "product_price": "0.10", "quantity": 1, "subtotal": "0.10"}}, {"model": "app.orderitem", "pk": 50, "fields": {"order": 44, "product": null, "product_name": "Dacola - A", "product_price": "0.10", "quantity": 1, "subtotal": "0.10"}}, {"model": "app.orderitem", "pk": 51, "fields": {"order": 45, "product": null, "product_name": "Dacola - C", "product_price": "0.10", "quantity": 1, "subtotal": "0.10"}}, {"model": "app.orderitem", "pk": 52, "fields": {"order": 46, "product": null, "product_name": "Dacola - C", "product_price": "0.10", "quantity": 1, "subtotal": "0.10"}}, {"model": "app.orderitem", "pk": 53, "fields": {"order": 47, "product": null, "product_name": "Dacola - C", "product_price": "0.10", "quantity": 1, "subtotal": "0.10"}}, {"model": "app.orderitem", "pk": 54, "fields": {"order": 48, "product": null, "product_name": "Dacola - C", "product_price": "0.10", "quantity": 1, "subtotal": "0.10"}}, {"model": "app.orderitem", "pk": 55, "fields": {"order": 49, "product": null, "product_name": "Dacola - C", "product_price": "0.10", "quantity": 1, "subtotal": "0.10"}}, {"model": "app.orderitem", "pk": 56, "fields": {"order": 50, "product": null, "product_name": "Dacola - C", "product_price": "0.10", "quantity": 1, "subtotal": "0.10"}}, {"model": "app.orderitem", "pk": 57, "fields": {"order": 50, "product": null, "product_name": "Dacola - A", "product_price": "0.10", "quantity": 1, "subtotal": "0.10"}}, {"model": "app.orderitem", "pk": 58, "fields": {"order": 51, "product": null, "product_name": "Dacola - C", "product_price": "0.10", "quantity": 1, "subtotal": "0.10"}}, {"model": "app.orderitem", "pk": 59, "fields": {"order": 52, "product": null, "product_name": "Dacola - C", "product_price": "0.10", "quantity": 1, "subtotal": "0.10"}}, {"model": "app.orderitem", "pk": 60, "fields": {"order": 53, "product": null, "product_name": "Dacola - C", "product_price": "0.10", "quantity": 1, "subtotal": "0.10"}}, {"model": "app.orderitem", "pk": 61, "fields": {"order": 54, "product": null, "product_name": "Dacola - B", "product_price": "0.10", "quantity": 1, "subtotal": "0.10"}}, {"model": "app.orderitem", "pk": 62, "fields": {"order": 55, "product": null, "product_name": "Dacola - C", "product_price": "0.10", "quantity": 1, "subtotal": "0.10"}}, {"model": "app.orderitem", "pk": 63, "fields": {"order": 56, "product": null, "product_name": "Dacola - C", "product_price": "0.10", "quantity": 1, "subtotal": "0.10"}}, {"model": "app.orderitem", "pk": 64, "fields": {"order": 57, "product": null, "product_name": "Dacola - C", "product_price": "0.10", "quantity": 1, "subtotal": "0.10"}}, {"model": "app.orderitem", "pk": 65, "fields": {"order": 58, "product": null, "product_name": "Dacola - C", "product_price": "0.10", "quantity": 1, "subtotal": "0.10"}}, {"model": "app.orderitem", "pk": 66, "fields": {"order": 59, "product": null, "product_name": "Dacola - C", "product_price": "0.10", "quantity": 1, "subtotal": "0.10"}}, {"model": "app.orderitem", "pk": 67, "fields": {"order": 60, "product": null, "product_name": "Dacola - A", "product_price": "0.10", "quantity": 1, "subtotal": "0.10"}}, {"model": "app.orderitem", "pk": 68, "fields": {"order": 61, "product": null, "product_name": "Dacola - A", "product_price": "0.10", "quantity": 1, "subtotal": "0.10"}}, {"model": "app.orderitem", "pk": 69, "fields": {"order": 62, "product": null, "product_name": "Dacola - C", "product_price": "0.10", "quantity": 1, "subtotal": "0.10"}}, {"model": "app.orderitem", "pk": 70, "fields": {"order": 63, "product": null, "product_name": "Dacola - C", "product_price": "0.10", "quantity": 1, "subtotal": "0.10"}}, {"model": "app.orderitem", "pk": 71, "fields": {"order": 64, "product": null, "product_name": "Dacola - C", "product_price": "0.10", "quantity": 1, "subtotal": "0.10"}}, {"model": "app.orderitem", "pk": 72, "fields": {"order": 65, "product": null, "product_name": "Dacola - C", "product_price": "0.10", "quantity": 1, "subtotal": "0.10"}}, {"model": "app.orderitem", "pk": 73, "fields": {"order": 66, "product": null, "product_name": "Dacola - A", "product_price": "0.10", "quantity": 1, "subtotal": "0.10"}}, {"model": "app.orderitem", "pk": 74, "fields": {"order": 67, "product": null, "product_name": "Dacola - C", "product_price": "0.10", "quantity": 1, "subtotal": "0.10"}}, {"model": "app.orderitem", "pk": 75, "fields": {"order": 68, "product": null, "product_name": "Dacola - C", "product_price": "0.10", "quantity": 1, "subtotal": "0.10"}}, {"model": "app.orderitem", "pk": 76, "fields": {"order": 69, "product": null, "product_name": "Dacola - A", "product_price": "0.10", "quantity": 1, "subtotal": "0.10"}}, {"model": "app.orderitem", "pk": 77, "fields": {"order": 70, "product": null, "product_name": "Dacola - A", "product_price": "0.10", "quantity": 1, "subtotal": "0.10"}}, {"model": "app.orderitem", "pk": 78, "fields": {"order": 71, "product": null, "product_name": "Dacola - C", "product_price": "0.10", "quantity": 1, "subtotal": "0.10"}}, {"model": "app.orderitem", "pk": 79, "fields": {"order": 72, "product": null, "product_name": "Dacola - A", "product_price": "0.10", "quantity": 1, "subtotal": "0.10"}}, {"model": "app.orderitem", "pk": 80, "fields": {"order": 73, "product": null, "product_name": "Dacola - A", "product_price": "0.10", "quantity": 1, "subtotal": "0.10"}}, {"model": "app.orderitem", "pk": 81, "fields": {"order": 74, "product": null, "product_name": "Dacola - A", "product_price": "0.10", "quantity": 1, "subtotal": "0.10"}}, {"model": "app.orderitem", "pk": 82, "fields": {"order": 75, "product": "3", "product_name": "DA COLLA Smile Toothpast ", "product_price": "0.10", "quantity": 1, "subtotal": "0.10"}}, {"model": "app.orderitem", "pk": 83, "fields": {"order": 75, "product": "4", "product_name": "Madam Da Whitening Effect Plus  ?????????  Korea", "product_price": "0.10", "quantity": 1, "subtotal": "0.10"}}, {"model": "app.promocode", "pk": 1, "fields": {"code": "1234", "promoter": null, "description": "test", "description_kh": null, "discount_type": "fixed", "discount_value": "50.00", "min_purchase": "0.00", "max_discount": null, "usage_limit": null, "used_count": 0, "is_active": true, "valid_from": "2025-12-03T14:02:35Z", "valid_until": null, "created_at": "2025-12-03T14:03:27.110Z", "updated_at": "2025-12-03T14:03:27.110Z"}}, {"model": "app.orderqrcode", "pk": 24, "fields": {"order": 33, "qr_code_image": "qr_codes/qr_MD00001.png", "qr_data": "https://bakongapi.com/qr/hL3G04zz.png", "created_at": "2025-12-06T17:32:23.955Z", "expires_at": "2025-12-06T17:37:22.633Z", "is_used": false, "used_at": null}}, {"model": "app.orderqrcode", "pk": 25, "fields": {"order": 32, "qr_code_image": "qr_codes/qr_MD00NEW.png", "qr_data": "https://bakongapi.com/qr/kP4skliC.png", "created_at": "2025-12-08T15:02:22.432Z", "expires_at": "2025-12-08T15:07:21.287Z", "is_used": false, "used_at": null}}, {"model": "app.heroslide", "pk": 1, "fields": {"title": "Promoter", "subtitle": null, "slide_type": "image", "image": "hero_slides/220938c609a7a3995729b8bf118a8c43.jpg", "video": "", "external_url": null, "order": 0, "is_active": true, "created_at": "2025-12-04T21:01:52.568Z", "updated_at": "2025-12-04T21:01:52.568Z"}}]